208349,work develop quickli answer bug nice one,3
208350,thing suppos well ask,3
208351,bug load crappi unfair need refund,1
208352,great find well disabl peski constantli run background,3
208353,perfect non root devic,3
208354,astonish,3
208355,work perfect android,3
208356,work exactli feature,3
208357,fulli control love,3
208358,switch anoth like stop work phone updat,1
208359,exactli claim work great,3
208360,say work well,3
208361,great disabl,3
208362,bought broke glad use abl get garbag devic root,3
208363,great feel lot faster,3
208364,indispens,3
208365,good,3
208366,phone lot faster took super use love,3
208367,awesom anyon devic even work new galaxi,3
208368,love keep ask rate given star yet ask everi time use nougat updat work great,1
208369,disabl without root essenti worth 150 penni,3
208370,purchas galaxi updat repeatedli receiv bug stop anytim use instal help elimin bug,4
208371,claim perfect buy pro version,3
208372,look use like say hate often hassl dread licens activ updat thank,1
208373,gone thank,3
208374,fantast unsur disabl remov,2
208375,thank disabl,3
208376,awesom love work perfectli although pleas feature root mode servic disabl,4
208377,must high end phone,3
208378,fantast never realli knew much unneed process phone galaxi edg plu shut hundr fifti thing loss function phone period thank much excel love search entri least basic idea guy like,4
208379,black theme make perfect,3
208380,love,3
208381,use need,3
208382,wow wow,3
208383,wow wow,3
208384,got fix bug messag galaxi job bug resolv,3
208385,keep ask licens,1
208386,excel,3
208387,excel,3
208388,say,3
208389,great suppos,3
208390,work like suppos,3
208391,job thank,3
208392,great non root block,3
208393,sped galaxi edg blaze fast lag,3
208394,everi featur reliabl work perfectli intend,3
208395,awesom work well thank develop,3
208396,work great disabl bloat ware,3
208397,disabl updat temporari disabl prevent pop prompt thank,2
208398,awesom,3
208399,awesom,3
208400,say galaxi plu abl kill lot without root,3
208401,work perfectli need,3
208402,nice,3
208403,thank,3
208404,work great doubl batteri life,3
208405,thing ultim work stop keep stop bug messag galaxi well written total worth bit,4
208406,great love everi bit definit worth spend,3
208407,best make sure shut,2
208408,work,2
208409,best ever,3
208410,work,3
208411,exactli need disabl pretti much everyth want especi disabl sub process replac previou king type system control packag disabl thank kind sir,4
208412,great,3
208413,work like charm nougat,3
208414,work great,3
208415,want disabl could disabl servic associ screw phone end factori reset contact develop twice ask help refund respons poor custom servic,2
208416,longer abl stop softwar updat reason purchas mani like wont use buy poor choic remov option,2
208417,start use may give star later live far good,3
208418,awesom remov bloat ware phone,3
208419,love,3
208420,disabl unwant like,3
208421,short period time support new,2
208422,star,3
208423,use thank develop,3
208424,absolut amaz say make phone lot faster smoother last longer without doubt star review well worth money,4
208425,first phone without root lifesav,3
208426,say thought fantast abl disabl everyth want favorit featur use mark certain definit would recommend,4
208427,next best thing root,3
208428,need activ connect even load cool,2
208429,shut galaxi control servic use make differ phone oper setup save configur,4
208430,work thank much,3
208431,improv batteri life significantli thank,3
208432,perfect work without root,3
208433,bug licens verif even restart phone reinstal paid work nougat,1
208434,beauti thank develop,3
208435,time disabl servic alway ask deactiv instal fuss till figur happen,1
208436,like hate batteri drain hell pkg disabl absolut favorit featur allow manual must batteri drain data hungri much thank develop great,4
208437,work nougat back star,3
208438,final one work nougat,3
208439,final licens activ bug nougat devic fix run thank,3
208440,suppos well,3
208441,fix run nougat,3
208442,kept load make phone useless save day let deactiv,3
208443,reinstal start work nougat nice,3
208444,work great,3
208445,disabl servic featur uniqu amaz save batteri disabl mani servic insid play servic,4
208446,edit work nougat give least batteri power disabl thing,3
208447,use work sinc work edg updat march 2017 test work stock edg network,4
208448,packag disabl work galaxi edg sprint variant run nougat best packag disabl avail market thank develop correct issu galaxi run nougat regard galaxi nougat beta tester member,4
208449,work android,3
208450,exactli say thank,3
208451,easi effect,3
208452,work like charm day one kudo,3
208453,thank fix support nice,3
208454,thank fix program work edg,3
208455,place thank fix,3
208456,need,3
208457,work well nougat complaint anymor back star,3
208458,best back,3
208459,updat review work perfectli march updat licens bug test nougat,3
208460,exactli say,3
208461,programm fix reach inform fix nougat awesom thank,3
208462,far good licens bug seem resolv work fine,3
208463,awesom,3
208464,activ licens android,2
208465,must everi,3
208466,thank final fix nougat issu,3
208467,devic much respons instal issu nougat prove valuabl thank,3
208468,good see work edg,3
208469,hey disabl nougat updat use pleas fix sinc bought free,1
208470,knew guess maker packag disabl creat made pay drop chang name drop support creat new one call cycl goe,4
208471,disabl gear servic save 10-15 batteri,3
208472,work,3
208473,develop fix bug work perfectli packag disabl quit unstabl though use mani issu sometim prepar issu futur,4
208474,good upgrad nougat support pleas updat support nougat edg,2
208475,work good,3
208476,thank nougat fix back work simpli perfectli,3
208477,wow stupid sprint stuff work great edg way faster,3
208478,disabl com,2
208479,paid licens even activ anymor good work pleas refund purchas thank,2
208480,work thank,3
208481,good job,3
208482,excel like give control ton unnecessari servic use discret especi recommend older phone tablet much appreci avail famili licens,2
208483,work anymor,3
208484,week activ want fix money back,2
208485,work galaxi android nougat updat,1
208486,galaxi edg updat android longer work,3
208487,work nougat,3
208488,thank respons fix licens issu push back five star,3
208489,work nougat,3
208490,stop work updat android tri suggest comment still work shame wast money,4
208491,trust develop make someth thank disabl use alreadi,3
208492,feature stay like nice thing would prevent disabl servic kill phone disabl,4
208493,solv factori reset reinstal,3
208494,shame get struck long time work,3
208495,disabl system easili phone better,3
208496,wont let instal freak thing download say cant activ licens tri send support ticket got repli week wait 100 everyth ask activ edit work thank,4
208497,edit work disabl servic,3
208498,instal nougat work fine latest updat broke refund request,3
208499,fantast work well,3
208500,refund heck bullshit even work,3
208501,superb work great love abl disabl one easi step extend batteri life,4
208502,work flawlessli look good,3
208503,worth,3
208504,save disabl com android phone recharg power mode file transfer stop work use remov list,1
208505,,4
208506,save phone would recommend anyon edit note seem though sneakili make see thing gear system process rather make wonder mani categori actual pick disabl mark week two later reappear system process list,4
208507,root need,3
208508,son para etc,3
208509,everyday behav instal know happen attempt use widget tell must run first,1
208510,longer work nougat updat,1
208511,much better packag disabl pro break categori explain never disabl android system system alway full back everyth phone disabl system must know manual factori reset devic think time one day note record factori reset,4
208512,nice get around 500 ram space disabl lot unnecessari packag paid version use root phone want risk root phone make warranti void,4
208513,told take review refund took never refund buy buy packag disabl pro work great nougat,4
208514,awesom,3
208515,stuck activ screen tri reinstal thing email never heard back,1
208516,awesom recommend save lot batteri resourc disabl without root devic,3
208517,solv note batteri issu thank,3
208518,work stock edg,1
208519,work nougat updat alreadi paid ever fix,1
208520,perfect,3
208521,great improv batteri life tremend,3
208522,work android,1
208523,great use manag phone clariti simplic,3
208524,thing,3
208525,earli tell turn let know save data usag cycl,3
208526,live save,3
208527,thank applic effortless worth buy feature realli disabl applic special bug encount black screen death due continu run gear servic feature realli fix cheer,4
208528,thank kind refund guy,3
208529,still learn safe disabl far good say,3
208530,nice disabl without root,3
208531,paid twice use packag disabl seem discontinu disabl came back buy disabl would happen chang name,1
208532,buy work note regist licens even download new latest softwar alreadi paid licens buy risk,4
208533,use,3
208534,disabl result lose multi window featur enabl bring back,3
208535,stay stuck activ licens bug activ numer attempt,1
208536,feature could group differ disabl categori exampl want enabl photographi time could current possibl use widget take space home screen also end delet widget kiss hard work goodby yeah would definit make lot easier back previou configur keep everyth much organ without constantli scroll huge list whenev want find someth also big startup time minor issu despit shortcom bad could better would definit give star develop implement better sort system keep everyth organ use save lot batteri,2
208537,great batteri saver,3
208538,absolut love program thank bottom heart,3
208539,solv batteri drain issu allow disabl packag abl disabl nativ applic menu amaz use grate effort,4
208540,phone much faster,3
208541,say worth price paid,3
208542,great stop bloat wear,3
208543,work great,3
208544,bug activ unnecessari poor ruin,1
208545,awesom,3
208546,awesom,3
208547,activ want money back,3
208548,perfect,3
208549,work edg android,1
208550,work great downsid,3
208551,work advertis disabl packag would buy,2
208552,great develop respond question day,3
208553,flawless worth money sure,3
208554,found tri remov note secur patch cant remov,1
208555,great custom servic,3
208556,good good devic phone tablet,3
208557,note work give money back,1
208558,disabl file need stop,2
208559,work great love thank much,3
208560,love,3
208561,say perman background task killer,3
208562,best disabl lot opinion work better disabl applic galaxi edg root combin amaz batteri life worth invest keep good work develop,4
208563,handi play game gear,3
208564,use exactli say put control note back hand thank,3
208565,good great best ever realli help note thank,3
208566,great batteri life great live,3
208567,disabl note give star would rather like guy option root devic,2
208568,work well know make sure safe disabl,3
208569,awesom work better feature,3
208570,love stop auto updat,2
208571,work well worth exactli say fix issu immedi,3
208572,thank love thank,3
208573,let disabl packag bring back option disabl recent updat abl disabl packag,2
208574,rock keep great work,3
208575,great applic galaxi note great remov hardwar interfac,3
208576,highli recommend great materi design like one work great disabl run beta,4
208577,fantast say simpl,3
208578,disabl save live,3
208579,work work 4-5,3
208580,best love,3
208581,awesom great job well,3
208582,work perfectli love,3
208583,nice,3
208584,great program especi phone,3
208585,work well disabl gear,3
208586,awesom good,3
208587,download min ago huge differ use min ago made night day differ perform highli recommend sloth slow alreadi,4
208588,exactli claim,3
208589,love essenti android user disabl help free system resourc,3
208590,thank give batteri back final someth allow disabl eat batteri day never ever use well worth,4
208591,great superb immedi respons sort issu,3
208592,advertis shut useless galaxi edg,3
208593,good great good,3
208594,great brilliant applic work perfectli,3
208595,need root disabl without root star phone run much smoother,3
208596,need save lot batteri disabl mani say make differ,3
208597,great,3
208598,work best,3
208599,good,3
208600,great remov ton batteri work much better,3
208601,good,3
208602,dumb updat restrict packag allow disabl good thing older version save,2
208603,disabl gear servic,2
208604,insan well worth money made notic faster impress phone butteri smooth,4
208605,,4
208606,great,3
208607,keep get bug would like refund,1
208608,perfect answer work perfectli,3
208609,work great note sinc updat come stop work help guy realli great,1
208610,wow thank make dream realiti,3
208611,far good thank,3
208612,work,1
208613,simpl major batteri improv,3
208614,nice,3
208615,real deal actual keep,3
208616,awesom effect,3
208617,excel work note,3
208618,work promis doubt great cheap fulli function plu develop realli help,4
208619,anyon tell disabl note,1
208620,wast absolut noth,3
208621,nice interfac work well nice interfac search run bit slow overal well done,2
208622,,4
208623,great free space phone run smoothli,3
208624,wok perfectli galaxi edg worth dollar cost,3
208625,perfect simpl use clear instruct like,3
208626,amaz remark disabl anyth develop help bug galaxi,3
208627,keep get better applic say also get updat frequent often function,4
208628,nice work advertis nice,3
208629,excel realli help phone batteri life recent updat,3
208630,great work promis,3
208631,thank great nice altern root perhap feature option print disabl list,2
208632,perfect work like charm nice interfac easi use,3
208633,work,3
208634,love,3
208635,great work well,3
208636,perfect devic sinc root found latest softwar pretti much golden ticket remov instal carrier devic exactli advertis star less,4
208637,love rock,3
208638,must worth everi penni extrem recommend love even new widget develop alway listen issu thank,4
208639,great realli great help get rid bloat came make phone run snappier feel nice,4
208640,work sure whether help batteri drain definit help remov annoy issu two keyboard due keyboard,4
208641,great around,3
208642,good,3
208643,great make invis drawer,2
208644,work still run,1
208645,great easi use nice interfac instant result excel job mani thank peter,4
208646,good seem help save batteri life,3
208647,work,3
208648,great use program data know peopl find use useless definit worth money recommend galaxi owner,4
208649,work theme galaxi edg simpli work theme stop theme counter paid theme,1
208650,work highli recommend,3
208651,great job enabl mani featur phone eas,3
208652,far good help creepi high tech peep tom,3
208653,sick solut thank paid,3
208654,work perfectli,3
208655,great worth,3
208656,perfect buy worth way money ask,3
208657,bug good easi use,3
208658,good disabl system without root,3
208659,absolut boss,3
208660,work great disabl gear servic,3
208661,work roll activ licens updat nearli minut,1
208662,perform,3
208663,cool,3
208664,work exactli describ awesom,3
208665,good save batteri,3
208666,may list without affect normal phone work,2
208667,awesom use,3
208668,terribl develop make crappi softwar shamelessli rip everi featur crappi develop imagin work ethic,2
208669,good work small great result cent,3
208670,say tin thank,3
208671,great simpl use,3
208672,use work perfect galaxi disabl bloat,3
208673,awesom gear user must buy take tap disabl store play store take,4
208674,excel work well,3
208675,work great nice speed although bug version nice see develop keep updat consist,4
208676,love actual appear work happi,3
208677,great must note owner help lot batteri life,3
208678,best ever death evil,3
208679,work need,3
208680,batteri saver absolut improv batteri life,3
208681,awesom easi close eye use easi work realli well gear widget,4
208682,great root work perfect,3
208683,cool nice help,3
208684,far good disabl program suck batteri also disabl cardboard work gear mess phone line updat rate,4
208685,outstand work like say,3
208686,galaxi edg easi monitor ram use,3
208687,awesom work perfect edg good help lot disabl crap,3
208688,say,3
208689,love,3
208690,awesom thank awesom even root nice million,3
208691,best disabl forev materi design use edg,3
208692,work well awesom run fast work well support lot save batteri life ram disabl bloat thank,4
208693,great need root,3
208694,effect work realli well feature feature detail,2
208695,great great disabl without root,3
208696,good test soon,3
208697,disabl bunch useless last updat get reboot disabl disabl requir either also licens check pain quit paid one take forev,2
208698,never left review goe realli like phone hate option root would secur vulner said awesom total worth exactli say also backup option,4
208699,work interfac could use improv,2
208700,use work fine factori reset say root edit guess fix work fine thank,4
208701,easi work love,3
208702,respect trust,2
208703,excel applic lost root privileg bought edg least allow suspend system user import possibl exploit would allow suspend delet packag disabl pro anoth 3rd parti,2
208704,great develop respond minut,3
208705,love say,3
208706,hello batteri life old friend feature goodby knew short time hate everi second show face tri pick phone,4
208707,work nice,3
208708,must,3
208709,use,3
208710,pretti good want slight differ batteri life mayb work better might get better review dollar chang big deal feature gave promis,2
208711,feel great download test disabl block list till enabl use disabl seldom use still need activ back feature,4
208712,best ever spent nougat updat devic secur kept tell use year instal quiet love,4
208713,get stuck screen say pleas wait activ devic wait good hour still noth broken pleas fix,1
208714,great work perfect root multipl galaxi phone,3
208715,disabl email got respons,3
208716,great disabl prepackag put phone need free phone,3
208717,found ultim solut better throw bloat devic away get pixel,3
208718,great howev would easier show current run show instead everyth one page,2
208719,edg perfect final stop horrid system updat kept bug updat nougat highli recommend anyon feature stop unwant system updat simpli manag,4
208720,drain batteri top anyth phone,3
208721,work edg plu updat nougat,1
208722,longer disabl softwar updat make useless need updat softwar updat list abl disabl,4
208723,work interfac,2
208724,use easi use slow read think work great,3
208725,great good custom servic help disabl 150 thank develop,3
208726,perfect,3
208727,first download get new devic reset one believ level control without root super easi use,4
208728,star start provid updat,2
208729,great work buddi latest updat supposedli aim elimin activ bug caus becom inact mine,1
208730,final manag disabl gear,3
208731,believ guy spend upload current photo trust packag disabl pro name photo rais eyebrow secur compani make notat state counter fitter state show differ name descript photo,2
208732,one rare say tin tool support mobil buy use enjoy control devic,4
208733,easi use,3
208734,done,3
208735,fix issu still broken,1
208736,bug abl use voic type keyboard rogu found voic input disabl button made possibl disabl use voic type well done,4
208737,far good,3
208738,excel job work perfect phone,3
208739,updat would welcom,2
208740,great use block bloat block,3
208741,far good howev test smart card manag devic manag still open oper,1
208742,last updat info current updat,2
208743,,4
208744,kill unwant,3
208745,download edg said activ bug network devic root,1
208746,perfect kill everyth need,3
208747,disabl alon worth cost,3
208748,phone tablet must buy,3
208749,give proper review provid proper,2
208750,packag dialer pro care turn brick,1
208751,crap,1
208752,amaz remov without root amaz work,3
208753,recommend anyon use devic great job,3
208754,super fast custom servic star,3
208755,love,3
208756,great disabl,3
208757,work great wont work pro,1
208758,great support bug,3
208759,use work great last updat say phone root longer work pleas fix previou review amend fix android packag disabl pro work flawlessli star thank,4
208760,work flawless disabl even updat disabl button annoy camera everi featur associ highli recommend,4
208761,bought year ago stop work say devic root develop asham alien custom,1
208762,use disabl,3
208763,thank,3
208764,work perfectli galaxi even recent updat thank god,3
208765,work flawlessli,3
208766,bad root user,2
208767,sinc cant use root devic nougat root come,2
208768,last updat stop work,1
208769,love,3
208770,use fix bug updat,3
208771,would great bloat list preview disabl choos leav,2
208772,work describ note root could final disabl softwar updat,3
208773,great suck doubl pay previou version longer activ,3
208774,love work well exactli suppos custom servic awesom issu,3
208775,new version fix import great,3
208776,stop work galaxi nougat stock,1
208777,great select menu choos show instal give search bar instead show instal seem get stuck search tri select show system stay search bar instead show system revert default view system instal must close get work phone nougat,2
208778,still get issu nougat unus sick tire,2
208779,work perfect disabl pay issu job,3
208780,stop work stuck devic activ licens bug code 102,1
208781,last updat licens check packag disabl pro work,1
208782,life easier,3
208783,easi use,3
208784,great,3
208785,outstand farewel,3
208786,figur code file save dialog tri export wonder rest code careless legitim observ,1
208787,excel disabl unwant program without need root phone,3
208788,good,3
208789,final got annoy system updat notif away thank,3
208790,paid keep say root fix pleas,1
208791,longer work root phone note,1
208792,useless,3
208793,help manag use,3
208794,best,3
208795,work like champ disabl updat,3
208796,work theme fake applic give back money,1
208797,must mobil phone user disabl,3
208798,seem work pay realli want disabl,2
208799,bought version even though make sure love root phone reason root phone primarili said feel like buy updat pay,4
208800,must devic,3
208801,must need phone remov doubl feature compat,2
208802,hey question use ice box freezer conflict packag disabl,1
208803,work new galaxi remov,3
208804,nice,3
208805,use root two featur would love see abil clear data one push instead one one select disabl bloat would like abil see bloat list disabl feature star,2
208806,work perfectli galaxi note run android,3
208807,mess updat nougat godsend remov new highli recommend,3
208808,awesom gave much need support away non perform old version thank lot,4
208809,activ keep come blank loop get paid version,1
208810,block updat want tri twice email guarante refund time got messag say email could deliv copi past email address page,1
208811,slow phone notic amount good,2
208812,use phone got pay pay need use pay,2
208813,useless without abil stop updat would pay buck offset,2
208814,download got rid want perfect recommend feature disabl folder within drawer duplic icon like phone messag camera home drawer galaxi nougat chang,4
208815,good allow disabl unwant make devic faster feature could abl use root devic,2
208816,paid get rid sprint hand free activ updat list pleas figur refund money thank,1
208817,licens could activ right disabl power save mode work fine,3
208818,awesom,3
208819,good ceas work 13th 2017 forc,1
208820,need schedul exampl call messeng annoy,2
208821,use disabl calendar note marshmallow get notif calendar,3
208822,work perfectli galaxi overnight batteri consumpt percent instal drop percent instal least less overnight easi use look love,4
208823,confirm work,3
208824,work great stupid pay kept whatev want phone fix,3
208825,exactli say fair price,3
208826,good,3
208827,disabl issu note updat caus blank screen thank,3
208828,sure disabl somehow ram usag get wors afterward,2
208829,,4
208830,want refund immedi,3
208831,thought bough theme work promis felt cheat,1
208832,disabl edg,3
208833,nice reset phone work anymor cant enabl select enabl cant click activ cancel bottom pleas fix,1
208834,forc use agre preview version work good one work,1
208835,say wait activ,1
208836,confirm work,3
208837,,4
208838,great,3
208839,fabul bit softwar must owner want get batteri back,3
208840,longer prevent updat whole reason got useless,2
208841,easi use,3
208842,freak awesom,3
208843,work disabl softwar updat note,3
208844,nice speed phone,3
208845,awesom work fulli remov garbag forc throat make wait pixel,3
208846,buy help edg,3
208847,loos authent purchas get old instabl author report issu fix time tell rais review concept stabl rais star oper solid updat work happi great job star thank author get bug,4
208848,think groovi hate bloat ware allow shut thank develop,3
208849,work intend get phone,2
208850,upload file work recent updat supposedli address pleas fix issu thank,1
208851,everyth back normal use,3
208852,work note nougat refund,1
208853,root work disabl ant servic caus phone hang constant thank guy,4
208854,work flawlessli great job,3
208855,must non root phone titanium backup without back featur,3
208856,great,3
208857,great easi disabl run background instead set,3
208858,use easi use price right,3
208859,great work 100 edg,3
208860,gold crap big time crap crap eater,1
208861,excel save much batteri life well worth price,3
208862,kill,3
208863,previous fantast requir use explan requir impact way around yet,2
208864,new version,3
208865,life saver must devic thank develop,3
208866,work advertis,3
208867,fantast good riddanc batteri leech easi use,3
208868,worst ever junk buy bought two version still junk updat buy refund money even bought day ago email time respons week scam wast money junk,4
208869,best best galaxi disabl mani never use,3
208870,wont start correctli tell wait even though hour wont let deactiv even thing still stuck bug tri fix anoth cant,1
208871,brilliant say tin,3
208872,want stop badg notif get refund,1
208873,super use allow remov garbag cram phone,3
208874,issu verifi licens fix dam constant bug,1
208875,work fantast think recent updat fix issu peopl hesit purchas well worth,4
208876,,4
208877,awesom android user,3
208878,one touch disabl time saver must owner edg nougat,3
208879,great use time one featur would love see futur would possibl feature profil would allow disabl certain group base certain use case scenario game could also schedul would great,4
208880,confirm root access need allow disabl bunch well badg provid packag disabl notif badg icon prevent disabl set pleas happi purchas,4
208881,good simpl design worth money disabl standard come new mobil thank,4
208882,help got new replac phone edg stuck activ love paid pro would love run,1
208883,,4
208884,stuff keep good,3
208885,awesom good job,3
208886,alreadi purchas would activ buy get work,1
208887,like found way bypass password login accid much protect login need bypass someth simpl,2
208888,let see websit order use delet,2
208889,good thank,3
208890,wow thing fuck phone ugh suck,3
208891,feature servic disabl capabl like packag disabl forc,2
208892,stuck activ note work cant get refund,1
208893,perfect requir activ ignor drama queen perfect way turn unus,3
208894,good program need know disabl good program,3
208895,everi updat stop work activ server pleas fix,1
208896,work nice nougat bug activ thank,3
208897,fantast say tin well would recommend hate rubbish phone,3
208898,purchas activ,1
208899,magic bug licens check forc instal year devic use purchas feature someth,1
208900,would pass authent phase review base use fix provid review may chang,1
208901,awesom caus appar singl difficult android devic root,3
208902,activ,1
208903,stop work root devic mention incident manner descript best guess disabl root devic purpos stop licens bug disappoint,1
208904,great get rid bloat,3
208905,shortli forc updat receiv android nougat edg use realiz still allow enough flexibl product shut certain batteri life skyrocket oper system sped thank made awesom product,4
208906,give refund back thiev block support root phone total scam,2
208907,work well updat rate,3
208908,give star due ignor origin packag disabl respond well repli told purchas version ask refund previou purchas stop work email bounc back ignor,1
208909,exactli say root need good job nice,3
208910,import work get refund,1
208911,second review updat exactli say batteri life longer stop use offici batteri never die,4
208912,great batteri thank,3
208913,disabl disappoint need refund,1
208914,great exactli say,3
208915,final work well,3
208916,great bought pro support ongo develop need activ abl handset packag disabl disappoint,1
208917,updat fix,3
208918,great like mani stuck activ page ask download newest version come man fix develop edit bug resolv back star quick respons develop,4
208919,manual disabl packag com turn forc softwar updat,1
208920,work wonder thank manual disabl,3
208921,great job without root,3
208922,work like charm develop star back,3
208923,pretti good need materi design updat though,2
208924,develop fix activ issu work great,3
208925,interfac clunki slow say tin close stock android could get,2
208926,great get rid bloat,3
208927,great need,3
208928,whatev use third parti terribl work time develop watch play review dilig,4
208929,para sin root,3
208930,edit stuck licens activ android never happen pleas fix best spent activ phone becam smooth fast right use pleas note may need enabl fulli function voic wake theme store enabl account etc littl research proceed cautiou enjoy power,1
208931,enabl activ sit blank screen minut far program,1
208932,freak bug made buy three time row say payment declin balanc kept drop,1
208933,note edg run bug factori reset activ goe accept screen agre prevent program work,1
208934,liter updat morn updat test product releas,2
208935,recent updat load note,1
208936,much use without abil manag individu packag like disabl certain part android system,2
208937,activ bug,1
208938,best disabl work nougat great custom work devic galaxi tab,3
208939,know,3
208940,great actual work android nougat,3
208941,sold user support,3
208942,great,3
208943,updat work fine licens activ failur edg android,3
208944,latest updat licens activ bug thank issu chang rate develop hear custom say thank fix,4
208945,one click gone,3
208946,fix licens issu realli need get rid hurt peopl pay softwar applic good work nougat,2
208947,start bug nougat updat email respond almost immedi next day fix,4
208948,claim work anymor,1
208949,thank fast work develop work fine edg nougat,3
208950,updat fix licens issu issu within hour,3
208951,edit activ fix version licens activ issu even though meant fix dead water without part work,4
208952,activ work thank fast support issu,3
208953,great disabl extend batteri time follow new releas authent bug quickli resolv releas good commun develop,4
208954,seem work,3
208955,work edg nougat,3
208956,edit issu activ updat releas next day resolv issu say,3
208957,licens issu ask latest version instal wast money issu fix rate updat start thank quick,4
208958,exactli requir thank lot guy,3
208959,work great quick fix,3
208960,brilliant exactli say perfectli,3
208961,work fine great,3
208962,great best custom care work android,3
208963,excel must phone great custom servic,3
208964,great get rid useless bloat,3
208965,edit fix issu quickli hang pleas wait licens activ edg offici nougat updat,4
208966,great applic great custom servic,3
208967,best ever made,3
208968,licens issu mani pleas fix,1
208969,work good,3
208970,star exactli need quick respond fix bug,3
208971,play auto updat newest version cant activ work,1
208972,still work updat licens activ bug say latest version reinstal show licens activ screen useless right,1
208973,like mani refus activ licens funni last updat claim fix issu yet still horribl broken,1
208974,activ day nougat updat,1
208975,respons team,3
208976,licens activ failur,1
208977,great support team,3
208978,still work fix pleas,1
208979,activ broken consid chang review paid product work annoy,1
208980,perfect use gear cardboard sinc latest version activ bug,1
208981,anyon licens issu newest updat close clear cach,3
208982,bug,1
208983,great support,3
208984,bug licens,1
208985,stop throw devic bin disabl useless forc upon user work feature great,4
208986,cant get activ contact develop help,1
208987,contact develop recent updat work stuck authent licens develop email back issu address today abl updat work like thank,4
208988,experienc anoth licens issu sheet updat frustrat inconvenienc custom paid use softwar,1
208989,bad review retract program use work,3
208990,instal applic wont process licens say updat,1
208991,sure happen updat mani get disabl select disabl menu break option littl one disabl disabl carrier,1
208992,excel well worth money work exactli advertis one small issu identifi servic easili fix confus,4
208993,good easi use never take time review felt one simpl easi use understand benefici devic,2
208994,best ever,3
208995,best support ever issu devic tri disabl updat notif contact via email send clear easi instruct recov devic want without carrier updat notif realli help,4
208996,first galaxi devic shock batteri drain seem help bunch,3
208997,got new version work instal web browser presto work,3
208998,great support great realli went beyond solv complex issu star,3
208999,feature android devic,3
209000,bought phone went faulti swap premium unfortun work premium work amazingli,1
209001,work hooray,3
209002,activ work work wast money,1
209003,thank email bring back featur respond quickli solut thank help,3
209004,exactli purchas,3
209005,stop work today cant disabl fix great support,3
209006,origin use worth price develop respond quickli fix issu take control phone,4
209007,stop work email develop respons,1
209008,licens issu fix licens failur receiv refund galaxi,1
209009,work charm,3
209010,bug new version say wait activ,1
209011,got get rid link discov much crap bloat phone amaz smooth use cheap much help,4
209012,scam useless wast money cant use theme,2
209013,fix work,3
209014,bought licens coupl month licens server forbid access,1
209015,reset phone start tell would like get work agent,1
209016,work nougat,3
209017,stay licens activ open pleas fix paid,1
209018,contact creator fix good,3
209019,even get activ,1
209020,stop work altogeth quick updat fix,3
209021,love goto bloat ware disabl use disabl stock tablet phone amaz job help extend batteri life hospit tablet work problemat phone help quickli resolv bug highli recommend phone tablet,4
209022,great support updat phone lollipop marshmallow encount licens check bug issu commun via email coupl exchang develop updat fix less hour could ask thank much,4
209023,updat activ work,3
209024,great job love,3
209025,took money shut scam sell,3
209026,bought instal latest android keep tell need date say updat 2017 well today 2017 witch today bought download still bug need help pleas thank,1
209027,thank need root phone anymor,3
209028,best ever phone latest updat work flawlessli,3
209029,great actual disabl major unus system applic,3
209030,encount issu respons email instantli went beyond help highli recommend,3
209031,nice work advertis stock note licens issu team respond immedi fix great job,4
209032,work like charm galaxi edg,3
209033,fals refund promis,3
209034,good,3
209035,star simplic effici,3
209036,fix thank great feature work without bug,3
209037,work root custom care help bug right away,3
209038,stop work want refund asap warn note,1
209039,stuck pleas wait licens activ fix refund pleas,1
209040,use great remov featur import name system updat packag,2
209041,great use phone awesom job,3
209042,suck give recal,1
209043,good,3
209044,overal satisfi enough,3
209045,work,1
209046,support expert support useless replac old phone pleas help,1
209047,awesom noth better,3
209048,licens bug,1
209049,mani year pass still materi design,2
209050,great must,3
209051,paid servic cant use bug,1
209052,use good list cant disabl anymor even pay begin shove user away lock never updat ever,2
209053,nice work perfect,3
209054,everi time unlock phone get anyon els get,1
209055,root applic par sprint carrier,3
209056,great help disabl unnecessari galaxi without root phone,3
209057,featur lost function lost purchas,2
209058,excel super,3
209059,realli good,3
209060,stuck licens activ,1
209061,horribl wast money,3
209062,star star stuck licens activ want updat lot crap disabl get enabl feature point origin wast money,1
209063,must galaxi,3
209064,work could get money back anyth stock android request refund within could get,1
209065,terribl liter becom useless thank essenti ruin use,3
209066,disabl everyth suppos still got hit updat want refund,1
209067,servic list updat,1
209068,great wonder,3
209069,great,3
209070,use note stuck activ licens send email develop without repli price might much refund back crappi,1
209071,awesom almost year differ phone work like,3
209072,wast cash previou version allow disabl annoy updat messag featur withdrawn version facil newer version wast time,4
209073,money back money back fake,3
209074,probabl use phone final abl disabl annoy smart manag host bundl crap come new phone without root invalid warranti eas thank,2
209075,stuck pleas wait licens activ,1
209076,work describ,3
209077,chang activ automat updat paid specif,1
209078,cheater cheat care,3
209079,work work keep bug want money back,1
209080,essenti owner exactli say make galaxi far effici usabl worth everi cent,4
209081,note scam wast money note everyth disabl updat notif still present,1
209082,amaz easi use stop packag awesom product,3
209083,good could better job done think would better,3
209084,use work like charm feel great remov crappi,2
209085,sell buy first remov abil block updat remov manual block dare steal money scam buy,2
209086,fantast program batteri life doubl disabl,3
209087,horribl give star could recommend rep best buy imagin also feature refund unless get bill store send bill day get refund scam,4
209088,becom worst updat version unabl disabl softwar updat bring back otherwis refund amount,1
209089,want told could disabl individu badg icon instead disabl entir good,1
209090,updat bug highli recommend stay away take good featur softwar updat etc bring back pleas,2
209091,mani option disabl everi updat seem ordinari buy crap everi updat packag remov,4
209092,wast forc disabl updat,3
209093,work,3
209094,packag disabl pro say well worth insignific cost bug root void warranti,4
209095,anyon tell anymor disabl play store,1
209096,slick work quick easi,3
209097,nice,3
209098,scam scam scam scam scam,3
209099,crap sellout,3
209100,function stuck verif screen odd reason use one,1
209101,work,1
209102,note use year updat new version cant disabl softwar updat pleas fix,1
209103,pleas fix activ logic alway put pleas wait activ,1
209104,long pay perfect got recommend play support wow work exactli want quick tap pay gone viru like unus crap,4
209105,bewar instal attempt get work disabl alarm sound system sound late work could get alarm work reboot phone,1
209106,work like charm galaxi 2016 disabl properli,3
209107,work advertis final got rid stupid keyboard worth hassl root umpteenth time latest android devic,4
209108,unabl constraint gear setup wizard gear setup wizard abl run download data mean abl total disabl,1
209109,awesom best bug servic custom servic amaz,3
209110,galaxi,3
209111,buy purchas block updat new version stop block featur leav note vulner without warn,1
209112,intrus soon read intrus privaci statement let collect share info phone complet unnecessari pleas refund purchas,2
209113,great would help know disabl,2
209114,use total destroy,3
209115,new must everyth back know manual factori reset phone luckili spare phone mess unsur press packag press person think also tube button easili fast alway,2
209116,pleas refund doubl purchas gave tri promptli realiz key sell featur disabl pleas refund purchas phone serial number none busi irrelev refund request file claim,4
209117,updat lose abil block system updat devic keep older version exactli bought funni mention fact read manual disabl remov mean mean remov abil block updat garbag total junk gave,1
209118,work stuck pleas wait activ confirm screen pleas need work asap,1
209119,note softwar updat bug block mani updat except main two note user look softwar updat packag,1
209120,stop disabl use featur,2
209121,great good mayb tablet support,2
209122,note user bring back option pay pay,3
209123,useless cant use cant refund hell junk,3
209124,scam pleas wast money even disabl sever system edg show top batteri drain servic android system request refund got respons use get around hour sot get hour,4
209125,awesom easi necessari custom get disabl liter made phone actual perform like phone 2016 feel like bloat gotten bad sprint late quick fix thank,4
209126,use great downhil,3
209127,remov featur got block system updat latest updat got rid,2
209128,take money bill still said pleas wait licens activ want refund check order order number 1339-5724-7730-64685 order date 2016,1
209129,spend hour tri one work disabl system activ lock messag,3
209130,disabl mode work,1
209131,instal minut instal disabl galaxi freed smallest amount worth time money potenti risk phone,1
209132,updat made useless,1
209133,crap phone slower wors,1
209134,alreadi bought wait activ,1
209135,wast money edg work theme store,1
209136,old boy,3
209137,stop disabl featur stop disabl featur,2
209138,awesom big thank develop,3
209139,whoa work like charm,3
209140,junk crap remov abl disabl system updat,1
209141,crap sinc remov updat block remov abil block updat crap forward,1
209142,remov use featur reason bought disabl forc updat,2
209143,definit worth price save like batteri life daili basi good work guy,4
209144,remov system updat,2
209145,last updat kill agre use disabl reason got fist place,2
209146,updat good star heck softwar updat longer disabl updat took away reason bought pleas fix asap,2
209147,work far month make sure pay attent updat modifi packet accordingli,4
209148,power saver galaxi good batteri life thank,3
209149,remov featur use good remov use featur,2
209150,updat updat wan know still disabl phone latest updat,2
209151,love featur remov appar reason,2
209152,took away abil block updat packag total scam buy buyer bewar,1
209153,updat abil manual disabl remov,1
209154,gear remov work,1
209155,buy develop remov import featur newer version probabl make happi would purchas,2
209156,good disappoint softwar updat,1
209157,fraud rip,3
209158,love good,3
209159,took away updat disabl star old version better buy,2
209160,brag applic ever brag peopl android phone may sound unimport truth abl fulli turn 147 separ process note turn power nexu liter batteri life applic ever abl devic hand best deal buy phone tri,4
209161,stop work newest updat kill fix lose money,1
209162,remov featur featur remov,2
209163,perfect perfect quick easi disabl bloat unneed softwar,3
209164,disabl ever want help enough decid disabl,2
209165,work suppos,3
209166,paid chang updat paid chang updat give refund peopl bought reason,1
209167,still stuck wait licens activ download last night abl access due licens activ hold refund purchas pleas,1
209168,help help especi note user use,3
209169,awesom exactli say perfect get rid,3
209170,agre term servic order make work document somewher,2
209171,great easi effect way get rid unwant come instal advic,3
209172,longer work use realli great longer work galaxi unfortun would love develop feature fix,1
209173,disabl disabl scam pleas buy new updat remov abil disabl joke,2
209174,great need,3
209175,work feature work feature thank,3
209176,galaxi last updat screw cant disabl anymor,1
209177,collect data chanc term polici feature collect everi activ mobil want refund,2
209178,theme store theme store work,1
209179,bewar disabl hangout choos option cool mark also disabl batteri set altogeth,1
209180,work describ best way free resourc without root,3
209181,activ enabl administr say wait verifi licens sit sit sit sit sit,1
209182,work disabl servic without root,3
209183,star remov abil block softwar updat packag legal pressur someth may return edit star log,2
209184,stuck pleas wait licens activ,1
209185,abl use free trail theme disabl theme system use,1
209186,wait licens activ sinc week run edg plu,1
209187,froze phone froze phone factori reset would like refund pleas,1
209188,complet garbag get refund,3
209189,best ever feature root need anymor 110 two,3
209190,phone run new realli improv perform load quickli thank color code name realli help well,4
209191,longer work develop updat today longer work,1
209192,longer abl disabl,1
209193,great thank help mani occas great edg,3
209194,help true disabl good lock devic sever time disabl system great keep stalker,4
209195,want refund use chang theme alway drop origin minut,1
209196,stuck pleas wait licens activ stuck pleas wait licens activ long wait,1
209197,drain batteri day refund scam,1
209198,use good need disabl note forc updat work cheat,1
209199,save,3
209200,stop updat,1
209201,took updat garbag,1
209202,suddenli work work,1
209203,work great recent stop work like charm stop unknown reason tri feature disabl said unabl told disabl administr list none list pleas help provid exact messag need chang star fix,1
209204,work beauti galaxi becom fast smooth like factori reset worth everi penni,4
209205,use work anymor tri disabl get littl notif tell enabl devic,1
209206,best ever best note,3
209207,work doubl batteri durat disabl one click great,3
209208,better root,3
209209,awesom batteri save,3
209210,work like charm good stuff,3
209211,say,3
209212,absolut love reason root devic need thank love,3
209213,question sen give power riski,2
209214,updat descript 3rd updat ambigu pleas explain,2
209215,get refund want refund,3
209216,keep note aliv keep note aliv delet packag remov list long live note,4
209217,seem work hit know button take messag chrome say page known,1
209218,use use everi updat list block get shorter chang rate see improv,1
209219,realli use,3
209220,wonder twin activ,3
209221,unabl refund refund option work,1
209222,brilliant work carat show scrapbook hog batteri packag disabl allow disabl deactiv hog batteri,4
209223,advertis time way root devic best friend,3
209224,need worth money bought disabl theme store show work great,3
209225,work perfectli ingeni use secur system disabl phone system,3
209226,transform devic edg lag like crazi matter would would get hot lag download disabl enabl actual use phone fli butteri smooth review come day heavi use well download,4
209227,updat wont packag seen list,1
209228,disabl softwar updat edg prompt automat download turn option softwar updat,4
209229,love anyon run must,3
209230,top top must buy non root,3
209231,love nice,3
209232,work someon tell stuck pleas wait activ galaxi,1
209233,say tin kill,3
209234,work great work great pixel avail brand phone,1
209235,good look meet demand keep use bad memori,3
209236,thank exactli say,3
209237,suppos,3
209238,block updat anymor version stay restrict disabl even updat feel rip sinc bought specif disabl updat avoid unwant chang,1
209239,necess glad exist otherwis would total would tell peopl exist would either back brand phone,4
209240,use seem updat someth els disabl make differ understand remov abil updat note phone anoth stori thank back previou version solv issu,1
209241,say worth buy,3
209242,use use necessarili phone,3
209243,perfect say work well,3
209244,warn warn warn develop remov featur part previous longer stop updat bought right remov featur purchas product want refund,2
209245,remov abil block updat use,2
209246,work flawlessli,3
209247,guy keep take stuff away better root devic,2
209248,great brilliant,3
209249,com android updat updat disabl someth come complianc fix pleas explain fix rate thank,2
209250,rock thank,3
209251,make viabl,3
209252,disabl note updat screw even limit would still last longer phone,2
209253,turn power save mode till get turn power save mode back,2
209254,warn latest version disabl air updat note reduc batteri life want brick updat awar,2
209255,remov note packag disabl right explain pleas,2
209256,work great say goodby annoy background leech,3
209257,trash trash,3
209258,power tool read thing abl use lighten phone,3
209259,easi use use want remov crap phone compani put,3
209260,best non root disabl,3
209261,worth easi use,3
209262,use final way get rid crap,3
209263,hay con solo,3
209264,right rock disabl without root phone first time legend tell safe part instal disabl yet disabl anyth want,4
209265,email email email email logout want log cant pleas fix,1
209266,refund care hard peopl give back money softwar work despit tall claim day refund develop give refund even request day stop repli email care spend money wise,1
209267,yea improv note batteri hog alway excel also,3
209268,packag disabl pro work great galaxi edg run marshmallow,3
209269,bad news batteri time friendli useless disabl system drive kernel crazi tri trigger henc batteri take major hit far better way unless root bake use menu disabl button good result inde stuck,2
209270,allow use android devic without root,3
209271,perfect need,3
209272,bad updat work anymor,1
209273,good,3
209274,need refund,3
209275,updat notif final remov great disabl updat notif galaxi disabl servic com,4
209276,look good reload new phone alway come feature comment,3
209277,best great,3
209278,galaxi intern work android disabl power enough time work need,3
209279,wow work treat phone faster,3
209280,awesom best date without root kill one click,3
209281,bloat edg,3
209282,world differ could possibl best world root abil stop annoy packag make phone bought fast phone year thought swap new model step right direct keep old phone longer environment friendli less carbon footprint,4
209283,perfect,3
209284,need work pleas feature confirm disabl press mistak phone keep bug even restor disabl pleas fix,1
209285,work great note sinc updat come stop work suddenli help guy want work realli,1
209286,good thought would video,2
209287,thank great nice altern root perhap feature option print disabl list,2
209288,stuck verif purchas get replac phone stuck pleas wait verif,1
209289,edg great,3
209290,stuck activ never got chanc use,1
209291,save download updat notif galaxi note,3
209292,realli work work great note alreadi tell differ great job,3
209293,make lag make phone lag overheat eat batteri like crazi want money back,1
209294,save buy new phone lot issu batteri galaxi applic save day keep excel work,4
209295,dope brought worth kinda worri mess phone work smoothli batteri life probabl percent better least mayb faster highli recommend galaxi,4
209296,useless say pleas wait licens activ refund,1
209297,must everi phone,3
209298,nice make know delet delet make easi button,3
209299,love must user,3
209300,effect disabl could keep disabl perman becom enabl automat,1
209301,great stop work great work stock pleas wait licens activ screen pleas fix paid,1
209302,great work wonder new,3
209303,must must increas perform batteri life,3
209304,work check activ anyth els,1
209305,still wait refund never got refund ask almost year ago saw still get money back,4
209306,amaz speed phone use disabl great happi spend money,3
209307,packag disabl pro awesom,3
209308,stuck wait licens activ tri get root phone stuck wait licens activ,1
209309,disabl packag see perform improv,1
209310,bye bye work suggest thank man happi phone,3
209311,bug smart manag,1
209312,feature landscap support larger tablet,3
209313,well worth save countless hour aggrav provid solut unknown feature found morn,4
209314,bug bullshit,3
209315,bug caus batteri bug disabl,3
209316,insan good housekeep notic anoth thing disabl applic manag never show disabl sent mail develop rather give less star review,1
209317,money well spent root disabl make game esp butteri smooth,3
209318,good edg disappoint fix,1
209319,best phone say perfectli usual root use titanium backup definit worth dollar,4
209320,work stuck activ screen complet useless galaxi edg,1
209321,stuck stuck pleas wait licens activ,1
209322,save batteri life phone run,3
209323,work perfectli work ahead spend cent disabl,3
209324,thank disabl stupid softwar updat thank,3
209325,stuck stuck wait licens activ,1
209326,like much would given star better help tip learn could got say awesom know use,4
209327,want use hang pleas wait licens activ edg plu fix,1
209328,unnecessari disabl set screen free easili disabl find,2
209329,got broken stuck logo turn instal went store got fix bad experi,1
209330,work disabl game mode notif without root damn thank exist worth,4
209331,love work fine,3
209332,work well work well note although disabl result backup work enabl back take could backup reset phone,1
209333,work root need,3
209334,work work phone keep say pleas wait licens activ,1
209335,way use devic work wonder note,3
209336,confirm work note,3
209337,use pleas fix pleas wait licens activ alreadi bought applic,1
209338,wont disabl theme store reason got,1
209339,work wont work marshmallow fix,1
209340,excel tool,3
209341,work describ,3
209342,truli amaz work wonder make sure littl background knowledg instal pay probabl use galaxi edg model softwar version,4
209343,love nice abl root,3
209344,love come smooth speed import use batteri smooth much improv,3
209345,galaxi awesom everyth say fantast,3
209346,support bought week later feature play bug push get root custom email refund twice said would never happen kinda messi still develop use better solut open root,1
209347,improv stock year recent devic old devic speed devic without root,4
209348,must absolut must owner almost good root without risk phone run twice fast bloat ware gone,4
209349,advertis work great even control upgrad bug messag,3
209350,one best easi use thank,3
209351,work great kill damn,3
209352,okay theme featur disabl edg disabl automat get enabl pleas fix asap,1
209353,work updat 1st dear team recent got system updat 1st 2016 packag disabl pro work,1
209354,work describ,3
209355,good strang attempt connect call system port 5000 immedi instal,1
209356,support want give shot tri grant access told support well,1
209357,amaz,3
209358,note worth everi penni made wonder note new phone lag box culprit definit recommend note user,4
209359,stuck licens activ great work factori reset phone work,1
209360,para solo pone,3
209361,,4
209362,work nice instruct given clear feature better interfac,2
209363,use work perfectli built beauti preset complet disabl stuff use kept use root devic would like use preset get stuck verif page fix pay,1
209364,pleas wait licens activ purchas long time ago switch phone get,1
209365,perfect absolut amaz work exactli like definit worth dollar spent,3
209366,way phone usabl,3
209367,wait licens activ paid still need wait,1
209368,best must,3
209369,work treat one major bug disabl ring messag notif volum vibrat get volum back interestingli affect media volum,1
209370,root requir excel tool effect disabl system servic without root,3
209371,import issu disabl packet file import work fine upgrad phone galaxi note,1
209372,rip buy work,1
209373,outstand 4th devic run consid essenti user,3
209374,work tell pleas wait activ,1
209375,good feature list servic peopl may actual use,2
209376,must new phone,3
209377,last worthi special low phone,3
209378,begin took like stay away anyth differ normal manag embed phone gain administr privileg deactiv quick search shown sever peopl issu develop respond fix appar factori reset solut,1
209379,work well,3
209381,sprint galaxi best ever great way get rid without root phone love,4
209382,nexu phone galaxi nightmar save,3
209383,stuck stuck pleas wait activ want money back,1
209384,packag disabl nice bit softwar,3
209385,work still run,1
209386,great exactli say work perfectli far,3
209387,wont work say wait activ noth happen wast dollar one help appreci,1
209388,work theme stop countdown paid theme galaxi edg,1
209389,best ever seen easi use solv bug without root phone,3
209390,support,1
209391,reset phone,1
209392,perfect awesom use highli recommend,3
209393,nice best extend batteri life,3
209394,brilliant stop batteri drain updat great,3
209395,amaz easi use,3
209396,work realli great stop ask updat disabl way guy reason price,4
209397,work exactli intend mirror link disabl,3
209398,wait activ work refund pleas,1
209399,help,3
209400,great stop gear load got stop gear load insert phone great run cardboard well non specif 360 video content,4
209401,amaz amaz support keep good work,3
209402,work great hate disabl,3
209403,usual root devic disabl unwant system process help achiev without root pleas extend disabl servic within process,2
209404,stuck stuck pleas wait activ root,1
209405,work nice worth money support,3
209406,awesom exactli claim root,3
209407,theme revert paid theme revert back disabl theme center theme store solut,1
209408,awesom phone get free memori,3
209409,amaz best non root devic,3
209410,well done edg work great latest,3
209411,extrem easi use perhap easi mayb put warn,2
209412,edg use averag 4-1 ram free 8-1 free thank love,3
209413,disabl theme packag bought theme packag remov edg use,1
209414,work marshmallow want refund,1
209415,awesom root requir,3
209416,work root reset root reinstal hung licens screen deactiv clear data heck fix bought work broken want refund work,1
209417,great simpl use enabl manag reclaim quarter ram significantli reduc batteri usag thank develop allow batteri miser well done,4
209418,work toward fix good custom servic fix,1
209419,awesom thank final control phone,3
209420,latest note updat seem like phone got latest updat longer work seem like trail theme kick min limit,1
209421,best far definit worth buy want remov without root devic,3
209422,want refund want refund,3
209423,exactli need took effect immedi reboot anyth requir,3
209424,great also work galaxi root work,3
209425,absolut must user,3
209426,activ long refund pleas,1
209427,love disabl includ system without need root sinc disabl unwant alway main reason root first place great one complaint feature avail devic besid note develop would gladli pay per devic charg could make work devic one phone tablet,4
209428,galaxi boot loop mode immedi instal refund pleas,1
209429,awesom use,3
209430,must must must galaxi phone ram work kid thank,3
209431,perfect applic great exactli say thank guy,3
209432,work great easi use care disabl,3
209433,awesom worth money paid,3
209434,easi simpl got abl disabl softwar updat notif everyth self explanatori,4
209435,amaz best purchas one click remov rule,3
209436,cell phone compani phone galaxi fine first bought month later sudden game play lag screen dim buy week later updat phone need anymor talk make realli fast money feature rich peopl rot hell,1
209437,power awesom need devic root except soon solv lot issu recommend,4
209438,great excel applic work properli thank keep recommend everyon take,3
209439,perfect,3
209440,work purpos bought get refund,1
209441,awesom suppos,3
209442,keep show pleas wait licens alreadi paid,1
209443,activ work cant activ cant use suck,1
209444,effici simpl user interfac though know disabl demand task,2
209445,licens activ long wait licens activ almost,1
209446,awesom way without root shut call load hate,3
209447,work chang theme trial disabl theme packag disabl pro sometim theme automat chang fake,1
209448,terribl custom servic refund despit say one trustworthi default list mani carrier caus lot,2
209449,work disabl could see drawer still exist memori,1
209450,great tool great tool consid root phone carrier load bunch work great,4
209451,develop wont respond purchas updat say wait activ tri everyth reinstal thrice also email develop wont respond,1
209452,,4
209453,hello updat devic yesterday disabl stop work theme alway goe back default great love pleas fix bug,1
209454,worth everi penni need disabl air command note run marshmallow way via softwar program need within second open amaz,4
209455,work sinc last updat sinc last secur updat longer disabl theme store galaxi edg pleas sort,1
209456,stop work tri reinstal avail could use launcher want money back,1
209457,must manag disabl thank lot,3
209458,absolut lifesav unabl disabl marshmallow without power use applic,3
209459,nice,3
209460,worst updat refund worst updat ever requir possibl complet ruin good simpl,1
209461,bought old phone log new phone stuck pleas wait licens verif,1
209462,upload usag data doubt upload usag data,2
209463,sadli work root fix give star,1
209464,licens activ stuck wait licens activ pleas help,1
209465,note duo good,3
209466,stuck pleas wait licens activ,1
209467,use take control devic without root,3
209468,brick brick,1
209469,perfect includ devic far use note note note edg tab note get rid useless stuff less background clutter highli recommend,4
209470,nice,3
209471,great terribl develop develop offer code free download return good review like social media page develop also hold refund hostag make custom delet review give back,4
209472,cant make stuck check screen,1
209473,delet instal,1
209474,pleas keep updat job fantast,3
209475,bug bug activ still,1
209476,bewar ruin devic warn,3
209477,awesom read first disabl work like charm edg,3
209478,best planet disabl stop run background spi program extend batteri life huge incred root need,4
209479,improv batteri life 250 improv batteri life 250 disabl bunch unneed servic run background follow guid disabl knew could total disabl packag instead day also addit use root,4
209480,great work great galaxi note,3
209481,nice use disabl anyth mark mark thing use often need rest garbag slow phone perform batteri increas order magnitud,4
209482,notic batteri drain fast work,1
209483,broke phone finish turn fix pleas,1
209484,horribl thing classifi thing need make accessori like gear gear work end full factori reset,2
209485,work advertis great,3
209486,work good job,3
209487,disabl set disabl disabl set cant phone set anymor use note great need fix,1
209488,awar use disabl recommend applic phone stop respond restart wont get boot screen start safe mode tri end hard reset phone factori default caus loos lot data hour took restor data big simpl user want money back pleas,1
209489,perfect need thank,3
209490,import work noth happen click import note root,1
209491,far good got fed planner pop messag calendar notifi event galaxi instal disabl planner planner messag base success disabl bloat ware say,4
209492,wait licens verif root work well,1
209493,work pleas refund constantli stuck pleas wait activ devic purchas,1
209494,work great work great disabl annoy,3
209495,work get stuck download licens never work,1
209496,love stuff,3
209497,origin start awesom,3
209498,current factori reset phone tri due start instal,1
209499,well worth work well easi use final abl see cardboard photo gear,4
209500,warn came warn combin nova launcher ultra power save mode like screw stuck boot loop wipe devic lost month photo happi instal note worth pseudo batteri save avoid trash,1
209501,work first time edg thank,3
209502,superb,3
209503,work,3
209504,one greatest android devic use year use save batteri faster perform must android devic,4
209505,awesom love well worth money sinc longer root phone thank,3
209506,work must devic glad got wonder batteri life,3
209507,note seamless,3
209508,great howev appear disabl extern storag make imposs applic store thing extern card huge deal mayb worth consid remov list,2
209509,perfect note sinc instal configur batteri note last forev thank,3
209510,fix import fix thank updat,3
209511,love work like charm,3
209512,pleas refund bought new one,3
209513,get stuck wait licens activ promis refund,1
209514,awesom use need primarili want disabl account note disabl mani bloat went hour hour batteri singl charg light medium use,4
209515,great allow put end peski load phone carrier,3
209516,love work perfect,3
209517,effect save batteri great worth purchas,3
209518,refund seem function wise seem work fine,3
209519,work beauti last updat disappoint last updat fulli enjoy last updat affect mobil phone signal mobil data know happen enabl packag signal mobil data work perfectli fine pleas look still fix pleas refund money instead real hassl,1
209520,fix licens activ bug pleas work great latest updat like mani mention get stuck pleas wait licens activ right open pleas fix forc softwar updat batteri drain faster need help find culprit,1
209521,import longer work latest may,1
209522,help show pleas wait verif power save mode also switch,1
209523,best keep unwant process run simpl interfac easi use click find factori reset phone manual,4
209524,perfect amaz,3
209525,great deactiv bloat,3
209526,still use still use root give possibl take back need,3
209527,station,3
209528,run edg open click enabl give option activ,1
209529,use,3
209530,stuck stuck wait licens activ,1
209531,one longer work purchas use remov unwant phone note recent full system wipe upgrad longer import new one work refund get support one use,2
209532,origin truli spectacular everyth done right,3
209533,handi hard use took day thoroughli everyth would nice see sort option ram usag time etc,2
209534,import form work updat star till bug fix,1
209535,handi,3
209536,use root devic bought activ help,1
209537,great extend batteri life sot disabl updat,3
209538,mani phone love need,3
209539,best android screw,3
209540,theme,3
209541,work advertis work great galaxi root need,3
209542,love prompt servic keep good work,3
209543,work,3
209544,awesom realli cool let disabl junk put phone,3
209545,love,3
209546,power user great may want look see servic safe disabl well design,2
209547,must devic exactli say let disabl phone system includ watch disabl respons question concern,4
209548,satisfi pleas refund purchas,3
209549,say get rid anyth want seem,3
209550,interest observ believ disabl watch resourc ram usag see climb cours hour verifi close 160 disabl thought memori leak tri disabl seem hold issu disabl nearli half one slightli better outcom work one save batteri well,1
209551,say got first instal must get rid,3
209552,decent perfect great disabl howev avoid use disabl featur tendenc soft brick phone factori reset,1
209553,enjoy made super simpl disabl unwant servic alway run previous,5
209554,need necessari anyon great team true lifesav,3
209555,say care say care phone becam quit buggi disabl bloat exchang servic broke even factori reset,1
209556,edg plu becom great job develop abl use cardboard gear 150 disabl best compar disabl use best ever,4
209557,work useless support instal attempt fix bug caus love mandatori updat work bug fix request refund answer got automat email,1
209558,warn galaxi edg bug instal get rid blah blah bug edg extrem bad caus batteri overh mega lag applic also major one brick phone forc restart boot second bewar,1
209559,good stuff,3
209560,batteri life wors instal,1
209561,unfortun set stop realli feature would work bug set render inaccess disabl use disabl function without disabl packet,1
209562,get refund,3
209563,work root phone activ purchas,1
209564,kinda overzeal click disabl note phone set longer work set manual appar enabl correctli actual hard time disabl still seem think enabl also set work fine enabl packag reboot,1
209565,far excel exactli promis great work,3
209566,awesom work perfectli,3
209567,work great work great intend,3
209568,need updat list big time even email support respond back end tri packag disabl pick remind use old cell tri sell guy product much better list everyth cell block anyth want sorri bad review mayb learn,1
209569,star one ultim trust tool disabl wow tri tri almost disabl includ legendari match packag disabl like charm super fast excel batteri backup anonym notif updat final lot space without root packag disabl must mobil user thank zillion develop team keep good work free struggl busi junki,4
209570,work great work great advertis let disabl instal phone later need,4
209571,great get rid like said thing notic want keep exchang servic video player easili,1
209572,great work perfectli,3
209573,great disabl,3
209574,perfect work great galaxi bug extend batteri life,3
209575,stuck tri activ could activ licens help,1
209576,say exactli said help disabl came phone super easi use,3
209577,great remov come phone,3
209578,suck,1
209579,must need great say,3
209580,amaz well structur layout make easi use keep good work,3
209581,work great use disabl gear servic allow use gear work flawlessli,4
209582,simpl use,3
209583,great help phone die fast,3
209584,greatli improv galaxi phone use overheat stock run clear way impress speed perform phone,4
209585,essenti agil phone,3
209586,simpli thank wow root need disabl thank guy,3
209587,nice easi use great disabl,3
209588,one best experi life exactli say easi understand easi use batteri life sky rocket sinc disabl bloat ware actual feel smooth would buy,4
209589,great speed phone,3
209590,horribl root would work refund given even contact,1
209591,work well cheer,3
209592,note gear final disabl rate star could thank develop make without root got rid stubborn gear pop keep come everi,4
209593,work edg,3
209594,great definit see perform batteri improv,3
209595,awesom piec softwar batteri life gone roof phone last half day longer regret know long,4
209596,disabl bloat without root amaz,3
209597,delet email account disabl email delet email account set,1
209598,perfect never bother comment good say someth tri real,3
209599,work note marshmallow help otherwis refund money abl disabl theme store,1
209600,work well updat two week feel differ perform batteri life,3
209601,work great,3
209602,pleas feature support,2
209603,great peopl bad review modifi phone way complet clueless obvious take time read,4
209604,disabl crap carrier garbag,3
209605,amaz,3
209606,batteri life disabl right combin full function help make batteri last lot longer especi galaxi note,4
209607,solid also annoy read tweet notif bar swipe left dismiss read may feature someth tire ask disabl notif swipe away need way stop give,2
209608,licens issu verifi,1
209609,amaz thank much amaz play emul gear,3
209610,time found disabl time got upgrad marshmallow ton bloat ware zip gone got love,4
209611,wow good job,3
209612,disabl mess phone disabl function disabl account cant feature account anymor even everyth solut factori reset eras account much,1
209613,galaxi batteri hog much anymor hour charg,3
209614,perfect replac root,3
209615,great,3
209616,lit work good sinc lock,3
209617,work phone faster batteri lat lot longer,3
209618,brilliant,3
209619,great moment chang star everyth goe well,3
209620,must user well overdu great,3
209621,fix theme fix disabl theme disabl theme would better,1
209622,love love great work edg,3
209623,activ stuck activ pleas help guy,1
209624,must owner great disabl everyth much cleaner,3
209625,game instal without permiss multipl game instal without permiss use word friend empir pull store,2
209626,packag disabl pro work great awesom,3
209627,bug note press button hold titl messag suppos creat small window pop view disabl function disabl pleas fix,1
209628,pay kick set give pass next step soon disabl let sign pay way disabl pay,1
209629,work great troubl get activ magic work,3
209630,great work state happi eas use definit recommend get rid peski,4
209631,perfect bug edg purchas fix,3
209632,need first purchas new flagship phone masterpiec engin pack excel featur shame softwar rare good android vendor junk attach abil safe bug multipl servic without risk trip counter remov risk root make work someth forget time time buy use,4
209633,work phone speedup real batteri life better sure tri offer know one better one work sure good job develop keep,4
209634,amaz must,3
209635,import still broken love feature import work,2
209636,better explan servic awesom repli updat better explan servic wow thank fast respons understand lot research develop guess mayb better explan servic safe disabl pink made comment specif sorri thank speedi repli develop updat true differ model phone awesom respons,4
209637,initi hitch solid initi disabl scan email reset widget disabl took minut sort afterward phone run much faster smoother,1
209638,tri updat,3
209639,galaxi bug pleas wait licens activ,1
209640,good applic control want run background help extend batteri life disabl,4
209641,activ work pleas fix refund,1
209642,work amaz work advertis,3
209643,purchas hate hate delet,1
209644,love love got sprint disabl bloat ware freed ram storag,3
209645,improv phone regret,3
209646,thank lot,3
209647,almost perfect feature integr work fine without root surpris somewhat use perman disabl turn gear servic temporarili want use cardboard new widget toggl applic made lot simpler would close perfect also integr use shortcut disabl instead widget action could autom,4
209648,good,3
209649,work exactli promis galaxi,3
209650,good disabl,3
209651,root requir great disabl carrier bloat one question option disabl theme packag disappear alway avoid pay theme,1
209652,remov option disabl theme one option disabl theme store could disabl theme store theme,1
209653,great anyth get rid,3
209654,edg fifteen minut tinker edg went lifesav,3
209655,android licens verif issu work disabl power save mode,1
209656,perfect perfect disabl annoy unwant galaxi devic root requir hassl free,3
209657,seem disabl get toast say disabl applic disabl devic administr,1
209658,garbag bought instal refus activ licens enjoy free money,1
209659,activ updat work great thank respons,3
209660,work like charm realli disabl carrier love made phone much snappier improv batteri life care delet thing system need though,3
209661,worth everi penni tri find solut music player mind year without root,3
209662,must,3
209663,chang perspect android liter best ever reset android disabl bloat ware basic disabl everyth scratch want kept one need made android much much better thank much love made batteri last twice much also made phone snappi everyth work android realli suppos without bloat ware slow mess batteri,3
209664,help control bloat good mani time result throw bug messag need improv,3
209665,work perfectli well design,3
209666,amaz significantli improv batteri life,3
209667,must edg,3
209668,root need allow disabl without root thank,3
209669,exactli say tin let turn gear servic could use cardboard gear,3
209670,theme work unabl set theme galaxi edg,1
209671,incred thank help lost abil root star possibl,2
209672,impress work number edg batteri effici worth everi penni,3
209673,necess pay sale royalti develop nova launcher would bought nexu instead,2
209674,work good edg,3
209675,galaxi phone run notic lighter smoother mean batteri life system resourc want use good,3
209676,work right,3
209677,great great,3
209678,new updat remov updat march chang updat compli play servic say,1
209679,one import custom work enabl phone easi use,3
209680,okay work well disabl whatev like note import still work,3
209681,love sinc root edg without trip next best thing worth everi cent,3
209682,packag disabl pro work excel bug,3
209683,activ matter activ turn power save featur final,3
209684,must love tri month anoth sourc decid buy help lot devic,3
209685,bullshit work root devic stupid,3
209686,activ bug note refund,1
209687,awesom power use awesom bought use gear keep auto launch use far well worth money consid must,3
209688,thank abl fix game flicker bug great job great,3
209689,made differ perform use start bug made chang,1
209690,test week note plu side disabl lot improv fluiditi bad news even disabl mani unus featur recommend forum improv batteri life,3
209691,work instal time time receiv bad verifi messag work edg,1
209692,audio bug work great galaxi sprint disabl lot bloat howev ran across bug audio play second cut anyon know might disabl caus,3
209693,good miracl work great promis improv perform batteri life normal need manual whole list enabl,3
209694,make game nice recommend tri fix stupid around display game work like charm,3
209695,user must wow wow disabl save batteri pay work mani thank develop android star,3
209696,life great must strang reason occasion upon instal instal correctli happen twice time abl regist simpli hit retri option use galaxi note save perman modif consid nutshel get instal correctli learn turn softwar abl use devic format,1
209697,best,3
209698,great work well thank,3
209699,work advertis work edg like,3
209700,galaxi work great use option disabl disabl thing phone look run great without root thank,3
209701,great,3
209702,work great root best way elimin bloat devic safest way well thank develop,3
209703,brilliant would give star bit date handi gear owner run cardboard,3
209704,perfect phone disabl thing use gear cardboard email help new version respond answer less minut great custom servic great,3
209705,perfect need note root need disabl easi,3
209706,work flawless note,3
209707,fix dark game screen use disabl edg game color back normal longer ridicul dark thank,3
209708,work,3
209709,great last updat fault develop play fault buyer seller,1
209710,get refund work phone,1
209711,definit must new galaxi phone allow use galaxi gear third parti softwar absolut love,3
209712,good paid remov theme store option use everi day happi edit review develop contact help bug,1
209713,galaxi great product amount time save disabl came phone great product,3
209714,terribl work request refund,3
209715,disabl theme center crap,1
209716,amaz work perfect edg smooth setup bug work great,3
209717,useless gone,3
209718,great requir look allow disabl without void warranti phone thank,3
209719,nice disabl ram hog applic,3
209720,conveni must phone,3
209721,say exactli say,3
209722,love feel bit danger use recommend packag disabl might end make bug disabl handl care note snappi ever though absolut love,3
209723,caus set bug everi time open support email unansw,1
209724,must,3
209725,seem complet hold claim much drain system resourc refresh power third parti circumv possibl brick great job,3
209726,good bug,3
209727,work great,3
209728,work well titl say,3
209729,phone faster applic default applic manag limit packag disabl phone notic faster batteri life improv somewhat care applic disabl howev alway back devic set purg frivol packag applic may suit need disabl accordingli due dilig also safe list caus set bug,1
209730,work perfect,3
209731,love save batteri lot,3
209732,remov without root want get close raw true android want remov annoy cell carrier put phone without nexu phone well worth money bravo dude,3
209733,fantast,3
209734,activ titl say scam,1
209735,help realli help,3
209736,love wonder way disabl unwant galaxi,3
209737,liter save phone lag realli worth money,3
209738,messag note edg messag keep bug use basic disabl option help,1
209739,amaz disabl everyth super easi use safe,3
209740,work perfectli describ easili disabl servic want run much better built manag disabl system well,3
209741,work great way better batteri life,3
209742,increas batteri life skeptic high review bought glad thank,3
209743,colorblind option pleas would rate higher given option would make easier tell differ blue magenta applic colorblind individu,2
209744,amaz like function phone applic manag glad see back,3
209745,instal even,1
209746,work suggest serv purpos,3
209747,paid take long start second need use often quickli turn packag specif gear servic shortcut turn would mile,1
209748,awesom never realiz much bloat edg awesom use without root worth everi penni thank,3
209749,,3
